"minext:constituentPartIdentifier","minext:name","minext:language","minext:nameType","minext:nameIdentifier","minext:classificationCode","minext:isPreferredName","minext:namePublishedIn","minext:nameRemarks"
"09809e38-d46a-4fcd-86bd-e64fd284bda7","Native Sulphur","","Not specified","mindat:1:1:3826:9","","1","",""
"12c90f02-ff7c-4676-8d3f-0c10e3a86fa8","Quartz","","Not specified","mindat:1:1:3337:0","","1","",""
"13f0e757-a754-4527-a6f0-b8a079efb1d9","Scheelite","en","Classification","","7.GA.05","1","Strunz-mindat",""
"1af7e595-076b-41e9-bc94-349c22e68e2e","Orthoclase","","Not specified","mindat:1:1:3026:3","","1","",""
"1e948121-6312-4efa-818b-bb0e2b79aa7a","Anglesite","","Not specified","mindat:1:1:233:2","","1","",""
"3c9b8b3e-a113-44e5-bcfb-c013ca59bcd8","Susannite","","Not specified","mindat:1:1:3833:7","","1","",""
"3f7e8b5f-9485-4799-a3dc-b641439bc82b","Cerussite","","Not specified","mindat:1:1:934:4","","1","",""
"49cb64e6-993e-4dbc-8f9d-81dbde5be63a","Plagioclase Series","en","Classification","7970507a-00bd-4420-848a-a185dd58618e","76.01.03","","Dana Classification System",""
"49cb64e6-993e-4dbc-8f9d-81dbde5be63a","Albite","en","Classification","","9.FA.35","1","Strunz-mindat",""
"4d789bb0-e7b1-4549-bcc3-b1c953ac0a7c","Malachite","en","Classification","","5.BA.10","1","Strunz-mindat",""
"4f2053c8-e2e4-471c-87c2-b76a4fb47aa0","Malachite","en","Classification","","5.BA.10","1","Strunz-mindat",""
"5057de2c-d745-44ad-b65a-ca81271c50b7","Macphersonite","","Not specified","mindat:1:1:2513:9","","1","",""
"579e388b-bdf6-4891-8908-c98d611ff16f","Matrix","","Not specified","","","1","",""
"5fcd109c-62d8-4862-b33c-3ba05a688915","Azurite","en","Classification","","5.BA.05","1","Strunz-mindat",""
"644fc1c3-6158-4900-9ee2-57778ef33c7e","Gneiss","en","Classification","","","1","",""
"68b27f9d-ba1a-413c-a543-1404b1b8d2c2","Schorl","en","Classification","","9.CK.05","1","Strunz-mindat",""
"68b27f9d-ba1a-413c-a543-1404b1b8d2c2","Tourmaline Group","en","Classification","","","","",""
"6a579caf-14d9-4f0a-95ad-04bd92f6ece7","Wulfenite","","Not specified","mindat:1:1:4322:5","","1","",""
"6dd42036-bf96-4b2e-98c8-9b11a0e68569","pyromorphite","en","Classification","","","1","",""
"7c0c87c7-f6b2-4703-8919-b099ecdba1ba","Albite","","Not specified","mindat:1:1:96:9","","1","",""
"807756e0-cf43-4aa4-8a55-0be2b3a44a28","Siderite","","Classification","","5.AB.05","1","Strunz-mindat",""
"836dafe2-012f-4a76-b8d9-55c0ba1b619e","greisen","","Not specified","","","1","","ferruginous greisen matrix"
"87c5576e-dc66-464a-8597-e01f5032dd08","Brookite","en","Classification","","4.DD.10","1","Strunz-mindat",""
"8c5788ac-8cf7-4c15-8c6d-25432938c6f5","Quartz","en","Classification","","4.DA.05","1","Strunz-mindat",""
"8f90580d-76c7-451d-aae9-09f9098decd9","Phlogopite","en","Classification","","71.02.02b.01","1","Dana Classification System",""
"902a0074-fd0b-42ee-95c9-5b9f5f3820d5","topaz","","General","","","1","",""
"95863f6c-4307-4d4b-87b6-2ca2768efcbf","Biotite","","Group","mindat:1:1:677:2","","1","",""
"a2e648a0-5646-419e-b280-1e7c3d692dcc","Dolomite","en","Classification","","5.AB.10","1","Strunz-mindat",""
"a549f96f-a0f0-4f41-b0b2-b2992db75cf2","Adamite","en","Classification","","41.06.06.03","1","Dana Classification System",""
"ba9b4ea3-a740-4926-bfd9-87a5ac35644e","Test Name","","Alternate","","","1","",""
"c2fe2759-76a6-4acd-8ffa-ac69d01d2010","Malachite","en","Classification","","5.BA.10","1","Strunz-mindat",""
"c7958c01-c713-4f88-9973-12eca3a23930","aquamarine","","Variety","","","1","","Beryl, variety aquamarine"
"c7b493d5-2f21-4756-a91f-04c40ef7c271","Mattheddleite","","Not specified","mindat:1:1:2597:9","","1","",""
"c882aa29-5cac-455a-9d7e-3dab45ba316e","Caledonite","","Not specified","mindat:1:1:865:5","","1","",""
"cbd9482f-b95f-4bdc-b16b-0531e049e9c1","Quartz","en","Classification","","4.DA.05","1","Strunz-mindat",""
"cd320c14-f09f-430f-927a-6882b34b768f","Calcite","","Not specified","mindat:1:1:859:4","","1","",""
"d44353c7-b1e1-4f37-98a6-227588ee44c9","Schist","en","Classification","","","1","",""
"e09d141c-a077-4f5c-b8c2-4e19e35fbc16","Old Name","en","Historical","","","","",""
"e09d141c-a077-4f5c-b8c2-4e19e35fbc16","Almandine","en","Classification","","9.AD.25","1","Strunz-mindat",""
"f2fdc875-1a24-4601-9afa-99f5a6ea2fd2","Pyrite","en","Classification","","2.EB.05a","1","Strunz-mindat",""
"f5076d18-7a81-4d76-89d3-7d6c8a182e27","Chalcopyrite","","Classification","","2.CB.10a","1","Strunz-mindat",""
"fa9cbb42-404c-4192-a259-88864b308bd6","Leadhillite","","Not specified","mindat:1:1:2361:6","","1","",""
