"dwc:materialEntityID","minext:constituentPartIdentifier","minext:name","minext:constituentPartType","minext:proportion","minext:role","minext:mineralDescription","minext:color","minext:alterationDescription","minext:associatedMinerals","minext:cleavage","minext:crystalForm","minext:crystalHabit","minext:exsolutionTexture","minext:inclusions","minext:isTypeLocality","minext:luminescenceDescription","minext:luster","minext:twinningLaw","minext:maximumAxialDimension","minext:measuredFormula","minext:measuredFormulaSource","minext:chemistryRemarks","minext:mineralogicalAnalysisProtocol"
"076f301d-5790-47c0-908a-f3ae5bffe4e9","8f90580d-76c7-451d-aae9-09f9098decd9","Phlogopite","Mineral","Trace","Groundmass Constituent","","dark gray","","","Perfect","","","","","","","Adamantine","","","","","",""
"076f301d-5790-47c0-908a-f3ae5bffe4e9","d44353c7-b1e1-4f37-98a6-227588ee44c9","Schist","Rock","Major","Matrix","","","","","","","","","","","","","","","","","",""
"076f301d-5790-47c0-908a-f3ae5bffe4e9","e09d141c-a077-4f5c-b8c2-4e19e35fbc16","Almandine","Mineral","Major","Phenocryst","Large euhedral crystals embedded in a biotite-rich groundmass","Red","","","","","","","","","","Vitreous","","32","","","",""
"13d64fda-d76c-49dd-98a3-fa76fa295c6a","836dafe2-012f-4a76-b8d9-55c0ba1b619e","greisen","Mineral","Major","Matrix","ferruginous greisen matrix","ferruginous","","topaz, beryl variety aquamarine","","","","","","","","","","","","","",""
"13d64fda-d76c-49dd-98a3-fa76fa295c6a","902a0074-fd0b-42ee-95c9-5b9f5f3820d5","topaz","Mineral","Minor","Constituent Role Not Specified","","transparent","","","","","","","","","","","","","","","",""
"13d64fda-d76c-49dd-98a3-fa76fa295c6a","c7958c01-c713-4f88-9973-12eca3a23930","aquamarine","Mineral","Minor","","Densely aggregated transparent to translucent greenish-blue hexagonal prismatic crystals","greenish blue","","","","hexagonal","","","","","","","","","","","",""
"17bf38e0-421f-4fb2-b2f2-33594369d351","87c5576e-dc66-464a-8597-e01f5032dd08","Brookite","Mineral","Major","Megacryst","","","","","","","","","","","","","","","","","",""
"22ceb70c-2bb6-4b33-92af-7f82a32c17ba","12c90f02-ff7c-4676-8d3f-0c10e3a86fa8","Quartz","Mineral","Major","","","","","","","","","","","","","","","","","","",""
"22ceb70c-2bb6-4b33-92af-7f82a32c17ba","1af7e595-076b-41e9-bc94-349c22e68e2e","Orthoclase","Mineral","Major","","","","","","","","","","","","","","","","","","",""
"22ceb70c-2bb6-4b33-92af-7f82a32c17ba","7c0c87c7-f6b2-4703-8919-b099ecdba1ba","Albite","Mineral","Major","","","","","","","","","","","","","","","","","","",""
"22ceb70c-2bb6-4b33-92af-7f82a32c17ba","95863f6c-4307-4d4b-87b6-2ca2768efcbf","Biotite","Mineral","Present","","","","","","","","","","","","","","","","","","",""
"5f2145b9-3a10-46e0-b865-ed5b9b03a719","09809e38-d46a-4fcd-86bd-e64fd284bda7","Native Sulphur","Mineral","Major","","Yellow prismatic crystals","yellow","","calcite","","","prismatic","","","","","","","","","","",""
"5f2145b9-3a10-46e0-b865-ed5b9b03a719","579e388b-bdf6-4891-8908-c98d611ff16f","Matrix","Rock","Major","","","","","","","","","","","","","","","","","","",""
"5f2145b9-3a10-46e0-b865-ed5b9b03a719","cd320c14-f09f-430f-927a-6882b34b768f","Calcite","Mineral","Present","","","white","","","","","","","","","","","","","","","",""
"5f85771d-5b58-4b24-97a1-33c1b1e311d3","49cb64e6-993e-4dbc-8f9d-81dbde5be63a","Albite","Mineral","Half","Phenoclast","","White","","","","","Bladed","","","","","Pearly","","12","","","",""
"5f85771d-5b58-4b24-97a1-33c1b1e311d3","68b27f9d-ba1a-413c-a543-1404b1b8d2c2","Schorl","Mineral","Half","Phenocryst","","Black","","","","","","","","","","Vitreous","","41.91","","","",""
"6e042cc5-8d24-42d2-896b-ced895ea812e","6dd42036-bf96-4b2e-98c8-9b11a0e68569","pyromorphite","Mineral","Minor","","small green columnar crystals","","","","","","","","","","","","","","","","",""
"755d7b45-e194-42dd-8071-77bf7e19be37","5fcd109c-62d8-4862-b33c-3ba05a688915","Azurite","Mineral","Major","Psuedomorph","Partial replacement by Malachite","Dark Blue","","","","","","","","","","","","","","","",""
"755d7b45-e194-42dd-8071-77bf7e19be37","c2fe2759-76a6-4acd-8ffa-ac69d01d2010","Malachite","Mineral","Major","","Partial replacement of Azurite","Green","","","","","","","","","","Vitreous","","50.4","","","",""
"7a86b34c-c44c-4a37-a033-90a27794bf73","13f0e757-a754-4527-a6f0-b8a079efb1d9","Scheelite","Mineral","Present","","Pseudo-octahedral crystals on two large (twinned) quartz crystals","Dark Gray","","Dolomite and Quartz","","Pseudo-octahedral","","","","","","Vitreous","","16.5","","","",""
"7a86b34c-c44c-4a37-a033-90a27794bf73","a2e648a0-5646-419e-b280-1e7c3d692dcc","Dolomite","Mineral","Minor","Pseudomatrix","","Gold/Yellow","","","","","","","","","","Vitreous","","","","","",""
"7a86b34c-c44c-4a37-a033-90a27794bf73","ba9b4ea3-a740-4926-bfd9-87a5ac35644e","Test Name","Mineral","Major","","","","","","","","","","","","","","","","","","",""
"7a86b34c-c44c-4a37-a033-90a27794bf73","cbd9482f-b95f-4bdc-b16b-0531e049e9c1","Quartz","Mineral","Major","","Two large twinned quartz crystals","Transparent","","Dolomite and Wolframite","","","","","","","","Vitreous","Twinned (type unclear)","91","","","",""
"7eeb3960-606a-48c3-9847-6b0fb9c2903f","644fc1c3-6158-4900-9ee2-57778ef33c7e","Gneiss","Rock","All","Structural Part","","","","","","","","","","","","","","5","","","",""
"8a5162b5-83b9-4acc-9b2c-8372dcd2d906","6a579caf-14d9-4f0a-95ad-04bd92f6ece7","Wulfenite","Mineral","Major","","orange-brown tabular crystals","orange-brown","","","","tabular","","","","","","","","","","","",""
"8e94c52a-3d90-4569-abbe-001a8aa56a73","4d789bb0-e7b1-4549-bcc3-b1c953ac0a7c","Malachite","Mineral","All","","","Green","","","","","","","","","","","","19","","","",""
"97ab71b2-9d2c-48d9-94d6-df80eb55fb82","8c5788ac-8cf7-4c15-8c6d-25432938c6f5","Quartz","Mineral","Major","Megacryst","","","","","","","","","","","","","","","","","",""
"97ab71b2-9d2c-48d9-94d6-df80eb55fb82","f2fdc875-1a24-4601-9afa-99f5a6ea2fd2","Pyrite","Mineral","","Clot","","","","","","","","","","","","","","","","","",""
"ae52219a-e803-4181-8616-91b259497666","1e948121-6312-4efa-818b-bb0e2b79aa7a","Anglesite","Mineral","Minor","","","","","","","","","","","","","","","","","","",""
"ae52219a-e803-4181-8616-91b259497666","3c9b8b3e-a113-44e5-bcfb-c013ca59bcd8","Susannite","Mineral","Minor","","","","","","","","","","","","","","","","","","",""
"ae52219a-e803-4181-8616-91b259497666","3f7e8b5f-9485-4799-a3dc-b641439bc82b","Cerussite","Mineral","Minor","","","","","","","","","","","","","","","","","","",""
"ae52219a-e803-4181-8616-91b259497666","5057de2c-d745-44ad-b65a-ca81271c50b7","Macphersonite","Mineral","Rare","","","","","","","","","","","","","","","","","","",""
"ae52219a-e803-4181-8616-91b259497666","c7b493d5-2f21-4756-a91f-04c40ef7c271","Mattheddleite","Mineral","Rare","","","","","","","","","","","","","","","","Pb5(SiO4)1.5(SO4)1.5Cl","","",""
"ae52219a-e803-4181-8616-91b259497666","c882aa29-5cac-455a-9d7e-3dab45ba316e","Caledonite","Mineral","Minor","","","","","","","","","","","","","","","","","","",""
"ae52219a-e803-4181-8616-91b259497666","fa9cbb42-404c-4192-a259-88864b308bd6","Leadhillite","Mineral","Minor","","","","","","","","","","","","","","","","","","",""
"b3025c91-210e-4626-beb6-97ea94fb1ca6","4f2053c8-e2e4-471c-87c2-b76a4fb47aa0","Malachite","Mineral","All","","","","","","","","","","","","","","","","","","",""
"c78f381a-2661-4554-94eb-b1b781b40b2e","a549f96f-a0f0-4f41-b0b2-b2992db75cf2","Adamite","Mineral","All","Structural Part","","Yellow","","","","","","","","","","Vitreous","","","","","",""
"f5444a74-5fc8-4135-a7a1-1fbd268a93f4","807756e0-cf43-4aa4-8a55-0be2b3a44a28","Siderite","Mineral","Present","","","","","","","","Bladed","","","","","Vitreous","","","","","",""
"f5444a74-5fc8-4135-a7a1-1fbd268a93f4","f5076d18-7a81-4d76-89d3-7d6c8a182e27","Chalcopyrite","Mineral","Present","","","Brassy Yellow","","","","","","","","","","Metallic","","","","","",""
