"dwc:materialEntityID","dwc:catalogNumber","dwc:collectionCode","dwc:institutionCode","dcterm:identifier","dwc:otherCatalogNumbers","dwc:materialEntityIdentifier","dwc:verbatimLabel","dwc:typeStatus","dwc:preparations","minext:predicatedName","minext:specimenDescription","minext:maxSpecimenDimensionInMillimeters","minext:measuredMassInGrams","minext:mineralSequence","minext:treatments","minext:verbatimMass","minext:verbatimSize","minext:measuredWidth","minext:measuredHeight","minext:measuredDepth","minext:maximumDepthInMeters","minext:minimumDepthInMeters","minext:specimenCondition","minext:specimenStatus","minext:damageRemarks","minext:handlingRequirements","minext:hazardDescription","minext:hazardType","minext:sampledFeature","minext:complex","minext:geologicEvent","minext:geologicProvince","minext:suite","dwc:group","dwc:formation","dwc:member","dwc:bed","dwc:lithostratigraphicTerms","minext:geologicEnvironment","minext:tectonicUnit","dwc:earliestChronostratigraphicUnit","dwc:latestChronostratigraphicUnit","minext:namedPlace","dwc:countryCode","dwc:firstOrderDivision","dwc:locality","dwc:locationId","dwc:higherGeography","dwc:verbatimLocality","dwc:country","dwc:localityRemarks","dwc:island","dwc:islandGroup","dwc:municipality","dwc:secondOrderDivision","dwc:verbatimElevation","dwc:decimalLatitude","dwc:decimalLongitude","dwc:coordinateUncertaintyInMeters","dwc:minimumElevationInMeters","dwc:maximumElevationInMeters","chrono:verbatimChronometricAge","chrono:earliestChronometricAge","chrono:latestChronometricAge","minext:chronometricAgeEvent","chrono:chronometricAgeUncertaintyInYears","chrono:chronometricAgeUncertaintyMethod","chrono:chronometricAgeProtocol"
"7eeb3960-606a-48c3-9847-6b0fb9c2903f","116452-1","PET","NMNH","","","","Gneiss","","","Tonalitic gneiss","","","","","","","","","","","","","","","","Heavy","","","Craton","Acasta Gneiss","","","","","","","","","","","","","","","Northwest Territories","","","","","Canada","","","","","","","","","","","","","","","","","",""
"5e7b1589-0fcb-4095-821d-8d291caa9287","116658-8","MS","NMNH","","","","Garnetiferous schist (NMNH 116658-8)","","","Garnetiferous schist","","","","","","","","","","","","","","","","","","","","","","","","","","","","","","","","","Crag Mountain","","Massachusetts","","https://www.geonames.org/4934077/crag-mountain.html","","","United States","","","","","","","","","","","","","","","","","",""
"5f85771d-5b58-4b24-97a1-33c1b1e311d3","21","MBN-Geo","MBN","19cbf4ac-b90b-4c85-ac17-8c36b3ee9d6e","","","","","","Tourmaline with bladed Albite","Small specimen composed of elongated tourmaline with a coincident blade albite.","","33.87","","","","","38","44.45","25.4","","","","","","Albite crystals are delicate","","","","","","","","","","","","","","","","","Skardu Area","PK","Gilgit-Baltistan","","https://www.mindat.org/loc-4515.html","","","Pakistan","","","","","Skardu","","","","","","","","","","","","",""
"076f301d-5790-47c0-908a-f3ae5bffe4e9","340","MBN-Geo","MBN","","","","Garnet Schist","","Previously mounted by vendor for presentation purposes","Almandine Schist","Lorem ipsum dolor sit amet, consectetur adipiscing elit. Sed in odio sit amet est maximus condimentum at nec arcu. In dapibus et nunc quis molestie.","","","","","","","","","","","","","","","Fragile","","","Lithostratigraphic Unit","","","Alexander Terrane","","","","","","","","","","","Wrangell Island Mine","US","Alaska","","https://www.mindat.org/loc-36612.html","","","United States","","Wrangell Island","","","","","56.47","-132.38","","","","","","","","","",""
"b3025c91-210e-4626-beb6-97ea94fb1ca6","342","MBN-Geo","MBN","","","","","","","Malachite","Globular Malachite","","196.56","","","","","76","51","108","","","","","","","","","","","","","","","","","","","","","","","Onganja Mine, Helen Farm 235","NA","Khomas","","https://www.mindat.org/loc-2423.html","","","Namibia","","","","","","","","","","","","","","","","","",""
"755d7b45-e194-42dd-8071-77bf7e19be37","343","MBN-Geo","MBN","","","","","","","Malachite after Azurite","Partial replacement of Azurite by Malachite.","","25.72","Azurite > Malachite","","","","19","50.4","16.5","","","","","","","","","","","","","","","","","","","","","","","Kerrouchene (Kerrouchen), Kerrouchen Caïdat","MA","Khenifra","","https://www.mindat.org/loc-108596.html","","","Morocco","","","","","","","","","","","","","","","","","",""
"c78f381a-2661-4554-94eb-b1b781b40b2e","345","MBN-Geo","MBN","3dcffaae-12fc-4751-8354-87d3957aec35","","","","","No preparations","Adamite","Yellow crystals embedded in matrix","","87","","None","","2.25x2x0.5 inches","","","","","","","","Several edges chipped","Delicate","","","Vein","","","","","","","","","","","","","","Ojuela Mine","MX","Durango","7th level of the Ojuela Mine","https://www.mindat.org/loc-2318.html","","","","","","","","","","25.79","-103.79","","","","","","","","","",""
"8e94c52a-3d90-4569-abbe-001a8aa56a73","349","MBN-Geo","MBN","","","","","","","Malachite","Fibrous malachite embedded in host rock","","115.65","","","","","44.5","47","56","","","","","","","","","","","","","","","","","","","","","","","Mashamba West Mine","CG","Katanga","","https://www.mindat.org/loc-4334.html","","Mashamba Mine
Zaire","Congo","","","","","Mutshatsha","","-10.74","25.38","","","","","","","","","",""
"7a86b34c-c44c-4a37-a033-90a27794bf73","350","MBN-Geo","MBN","7ab63768-32f4-4d82-8b57-8b2b1c0408da","","","","","None","Scheelite on Quartz","Collection of scheelite crystals on two large quartz crystals covered with tiny dolomite crystals","","309.85","Quartz > Dolomite / Scheelite","","","","63.5","101.6","53","","","","","","Material fragile","","","","","","Yangtze Plate","","","","","","","","","","","Yao Guang Xian Mine","CN","Hunan","","https://www.mindat.org/loc-4549.html","","","China","","","","","Chenzhou","","25.64","113.32","","","","","","","","","",""
"17bf38e0-421f-4fb2-b2f2-33594369d351","42116","NMBE-EARTHPLANETARY","NMBE","","","","","","","Brookite","Brookite on top of altered granite","","","","","","","","","","","","","","","","","","Bed","","","","","","","","","","","","","","Interlaken","AD","Bern","Hardermannli","","","","Andorra","","","","","","","","","","","","","","","","","",""
"97ab71b2-9d2c-48d9-94d6-df80eb55fb82","50000","NMBE-EARTHPLANETARY","NMBE","","","","","","","Quartz on Pyrite","Test sample","","200","","","","","22","25","18","","","","","","","","","","","","","","","","","","","","","","","","CH","","","","","","Switzerland","","","","","","","","","","","","","","","","","",""
"f5444a74-5fc8-4135-a7a1-1fbd268a93f4","52698","NMBE-EARTHPLANETARY","NMBE","","","","","","","Siderite and Chalcopyrite","Prachtsstufe. Bergfrische, goldene Chalkopyritkristalle mit plattigen Siderit Kristallen auf Stufe 11 x 10 x 4cm","","657","","","","","10","11","4","","","","","","","","","","","","","","","","","","","","","","","Bi Ti Mine","CN","Guizhou","China, Guizhou Provinz, Mezhang, Bi Ti Mine, , Guizhou, China, Volksrepublik, China, Volksrepublik,","","","","China","","","","","Mezhang","","","","","","","","","","","","",""
"5f2145b9-3a10-46e0-b865-ed5b9b03a719","G.1880.62.1","NSM-GEO","NMS","","","","","","","Sulphur","Sulphur - yellow prismatic crystals associated with calcite on matrix - from Sicily, Italy.","","411.28","","","","","130","150","85","","","","","","","","","","","","","","","","","","","","","","","","IT","","Sicily, Italy
Approx grid ref 37.56000990614729, 14.140517568029887","","","","Italy","","","","","Sicily","","","","","","","","","","","","",""
"8a5162b5-83b9-4acc-9b2c-8372dcd2d906","G.1887.23.7","NSM-GEO","NMS","","","","","","","Wulfenite","Wulfenite - orange-brown tabular crystals on matrix - from Yuma County, Arizona, USA.","","244.79","","","","","78","84","51","","","","","","","","","","","","","","","","","","","","","","","Yuma","US","Arizona","32.72528,-114.62361","mindat:1:2:42600:7","","","United States","","","","","Yuma","","","","","","","","","","","","",""
"22ceb70c-2bb6-4b33-92af-7f82a32c17ba","G.1973.54.3","NSM-GEO","NMS","","","","","","","Granite","Granite - pink with grey-black flecks with one cut face","","","","","","","100","180","100","","","","","","","","","","","","Calendonian Intrusives","","","","","","","","","","","Craigendarroch","GB","Scotland","old quarry at Craigendarroch, near Ballater, Aberdeenshire, Scotland","","","old quarry at Craigendarroch, near Ballater, Aberdeenshire, Scotland

57.055556024967686, -3.046976147764283  decimal lat long","United Kingdom","","","","","Aberdeenshire","","","","","","","","","","","","",""
"14b2307f-d8f1-4de5-a6b9-4485943fdf2a","G.1977.10.11","NSM-GEO","NMS","","","","","","","Allende Meteorite","Carbonaceous Chondrite (group CV3, stony meteorite) of pale grey with patches of brown fusion crust, fell in 1969 at Pueblito de Allende, Chihuahua, Mexico","","272","","","","","45","75","45","","","","","","","","","","","","","","","","","","","","","","","Pueblito de Allende","MX","Chihuahua","","","","","Mexico","","","","","Pueblito de Allende","","","","","","","","","","","","",""
"13d64fda-d76c-49dd-98a3-fa76fa295c6a","G.2006.34.20","NSM-GEO","NMS","","","","","","","Beryl, variety aquamarine","Beryl, variety aquamarine - densely aggregated transparent to translucent greenish-blue hexagonal prismatic crystals in ferruginous greisen matrix, associated with minor small transparent topaz crystals, from the old workings at Sherlovaya Gora, Chita Oblast, Transbaikal, Siberia, Russia.","","2350","","","","","145","72","21","","","","","","","","","","","","","","","","","","","","","","","","RU","","Nertschinsk gem mines","mindat:1:2:2757:4","","Sherlovaya Gora, Chita Oblast, Russia, Eastern Europe","Russia","","","","","","","50.54","16.34","","","","","","","","","",""
"772081f7-f810-4a70-af9e-e5a73e2b65fd","G.2015.15.2","NSM-GEO","NMS","","","","","","","Allende Meteorite","Carbonaceous Chondrite - group CV3, stony meteorite - a slice showing chondrules in a dark matrix, fell in 1969 at Pueblito de Allende, Chihuahua, Mexico. On display in the Restless Earth Gallery in the  National Museum of Scotland","","","","","","","","","","","","","","","","","","","","","","","","","","","","","","","","Pueblito de Allende","MX","Chihuahua","","","","","Mexico","","","","","Pueblito de Allende","","","","","","","01:05 on February 8, 1969","1969","","Fall","","",""
"6e042cc5-8d24-42d2-896b-ced895ea812e","G.2019.100.246","NSM-GEO","NMS","","","","","","","Pyromorphite","Pyromorphite - small green columnar crystals on quartz - from Leadhills, Lanarkshire.","","237.92","","","","","90","50","60","","","","","","","","","Vein","","","","","","","","","","","","","","Leadhills","GB","Scotland","Leadhills-Wanlockhead Mining District","mindat:1:2:3032:1","","","United Kingdom","","","","","Lanarkshire","","","","","","","","","","","","",""
"ae52219a-e803-4181-8616-91b259497666","G.2019.25.4979","NSM-GEO","NMS","","","","","","","Macphersonite","Macphersonite - a crystal in cavity lined with Mattheddleite, associated with cerussite, caledonite, leadhillite and susannite on quartz matrix - from Leadhills Dod, Leadhills, Lanarkshire. TYPE SPECIMEN (both)","","46.41","","","","","51","27","41","","","","","","","","","Vein","","","","","","","","","","","","","","Leadhills Dod","GB","Scotland","","mindat:1:2:3032:1","","","United Kingdom","","","","","Lanarkshire","","","","","","","","","","","","",""
